Feature,Importance
log2FoldChange,0.5807118655157606
neglog10padj,0.2971097169731946
baseMean,0.12217841751104477
