Feature,Importance
log2FoldChange,0.3679781166820528
neglog10padj,0.3580801609888224
baseMean,0.2739417223291246
